employee_id,first_name,last_name,email,phone_number,hire_date,job_id,salary,commission_pct,manager_id,department_id,change_time,bonus
109,Daniel,Faviet,DFAVIET,1840754917,1900-01-00,FI_ACCOUNT,9000,,108,100,,1620
108,Nancy,Greenberg,NGREENBE,1852290388,1900-01-00,FI_MGR,12000,,101,100,,0
110,John,Chen,JCHEN,1833528026,1900-01-00,FI_ACCOUNT,8200,,108,100,,1476
115,Alexander,Khoo,AKHOO,1584164544,1900-01-00,PU_CLERK,3100,,114,30,,558
116,Shelli,Baida,SBAIDA,1893731132,1900-01-00,PU_CLERK,2900,,114,30,,522
118,Guy,Himuro,GHIMURO,1732267200,1900-01-00,PU_CLERK,2600,,114,30,,468
119,Karen,Colmenares,KCOLMENA,1897357570,1900-01-00,PU_CLERK,2500,,114,30,,450
120,Matthew,Weiss,MWEISS,1632647003,1900-01-00,ST_MAN,8000,,100,50,,1440
122,Payam,Kaufling,PKAUFLIN,1623114724,1900-01-00,ST_MAN,7900,,100,50,,1422
123,Shanta,Vollman,SVOLLMAN,1625658294,1900-01-00,ST_MAN,6500,,100,50,,1170
126,Irene,Mikkilineni,IMIKKILI,1529374263,1900-01-00,ST_CLERK,2700,,120,50,,486
127,James,Landry,JLANDRY,1601860078,1900-01-00,ST_CLERK,2400,,120,50,,432
128,Steven,Markle,SMARKLE,1734441511,1900-01-00,ST_CLERK,2200,,120,50,,396
129,Laura,Bissot,LBISSOT,1670175155,1900-01-00,ST_CLERK,3300,,121,50,,594
130,Mozhe,Atkinson,MATKINSO,1597349503,1900-01-00,ST_CLERK,2800,,121,50,,504
131,James,Marlow,JAMRLOW,1663737526,1900-01-00,ST_CLERK,2500,,121,50,,450
132,TJ,Olson,TJOLSON,1551609888,1900-01-00,ST_CLERK,2100,,121,50,,378
133,Jason,Mallin,JMALLIN,1557032233,1900-01-00,ST_CLERK,3300,,122,50,,594
134,Michael,Rogers,MROGERS,1888433284,1900-01-00,ST_CLERK,2900,,122,50,,522
135,Ki,Gee,KGEE,1820298410,1900-01-00,ST_CLERK,2400,,122,50,,432
136,Hazel,Philtanker,HPHILTAN,1570419549,1900-01-00,ST_CLERK,2200,,122,50,,396
137,Renske,Ladwig,RLADWIG,1759936333,1900-01-00,ST_CLERK,3600,,123,50,,648
138,Stephen,Stiles,SSTILES,1897118299,1900-01-00,ST_CLERK,3200,,123,50,,576
139,John,Seo,JSEO,1632895425,1900-01-00,ST_CLERK,2700,,123,50,,486
140,Joshua,Patel,JPATEL,1789778970,1900-01-00,ST_CLERK,2500,,123,50,,450
141,Trenna,Rajs,TRAJS,1610247826,1900-01-00,ST_CLERK,3500,,124,50,,630
142,Curtis,Davies,CDAVIES,1910422646,1900-01-00,ST_CLERK,3100,,124,50,,558
143,Randall,Matos,RMATOS,1755407167,1900-01-00,ST_CLERK,2600,,124,50,,468
144,Peter,Vargas,PVARGAS,1762529731,1900-01-00,ST_CLERK,2500,,124,50,,450
145,John,Russell,JRUSSEL,1767362572,1900-01-00,SA_MAN,14000,0.4,100,80,,2520
146,Karen,Partners,KPARTNER,1588853367,1900-01-00,SA_MAN,13500,0.3,100,80,,2430
148,Gerald,Cambrault,GCAMBRAU,1765693216,1900-01-00,SA_MAN,11000,0.3,100,80,,1980
149,Eleni,Zlotkey,EZLOTKEY,1697352169,1900-01-00,SA_MAN,10500,0.2,100,80,,1890
150,Peter,Tucker,PTUCKER,1856900953,1900-01-00,SA_REP,10000,0.3,145,80,,1800
151,David,Bernstein,DBERNSTE,1563882694,1900-01-00,SA_REP,9500,0.25,145,80,,1710
152,Peter,Hall,PHALL,1746205374,1900-01-00,SA_REP,9000,0.25,145,80,,1620
153,Christopher,Olsen,COLSEN,1732400899,1900-01-00,SA_REP,8000,0.2,145,80,,1440
154,Nanette,Cambrault,NCAMBRAU,1704317730,1900-01-00,SA_REP,7500,0.2,145,80,,1350
114,Den,Raphaely,DRAPHEAL,1704231554,1900-01-00,PU_MAN,11000,,100,30,,
124,Kevin,Mourgos,KMOURGOS,1913679702,1900-01-00,ST_MAN,5800,,100,50,,0
121,Adam,Fripp,AFRIPP,1800613121,1900-01-00,ST_MAN,8200,,100,50,,
117,Sigal,Tobias,STOBIAS,1721072576,1900-01-00,PU_CLERK,2800,,114,30,,
155,Oliver,Tuvault,OTUVAULT,1724122818,1900-01-00,SA_REP,7000,0.15,145,80,,1260
156,Janette,King,JKING,1625587368,1900-01-00,SA_REP,10000,0.35,146,80,,1800
157,Patrick,Sully,PSULLY,1720043389,1900-01-00,SA_REP,9500,0.35,146,80,,1710
158,Allan,McEwen,AMCEWEN,1854418891,1900-01-00,SA_REP,9000,0.35,146,80,,1620
159,Lindsey,Smith,LSMITH,1565515877,1900-01-00,SA_REP,8000,0.3,146,80,,1440
160,Louise,Doran,LDORAN,1724111589,1900-01-00,SA_REP,7500,0.3,146,80,,1350
161,Sarath,Sewall,SSEWALL,1830224622,1900-01-00,SA_REP,7000,0.25,146,80,,1260
162,Clara,Vishney,CVISHNEY,1606234066,1900-01-00,SA_REP,10500,0.25,147,80,,1890
163,Danielle,Greene,DGREENE,1562178238,1900-01-00,SA_REP,9500,0.15,147,80,,1710
164,Mattea,Marvins,MMARVINS,1596492970,1900-01-00,SA_REP,7200,0.1,147,80,,1296
165,David,Lee,DLEE,1566388409,1900-01-00,SA_REP,6800,0.1,147,80,,1224
166,Sundar,Ande,SANDE,1755162292,1900-01-00,SA_REP,6400,0.1,147,80,,1152
167,Amit,Banda,ABANDA,1544480768,1900-01-00,SA_REP,6200,0.1,147,80,,1116
168,Lisa,Ozer,LOZER,1664995321,1900-01-00,SA_REP,11500,0.25,148,80,,2070
169,Harrison,Bloom,HBLOOM,1664323688,1900-01-00,SA_REP,10000,0.2,148,80,,1800
170,Tayler,Fox,TFOX,1555872191,1900-01-00,SA_REP,9600,0.2,148,80,,1728
171,William,Smith,WSMITH,1902761106,1900-01-00,SA_REP,7400,0.15,148,80,,1332
113,LuisJulia,Popp,LPOPP,1697204047,1900-01-00,FI_ACCOUNT,6900,,108,100,,1242
125,Julia,Nayer,abc@xy,1724851545,1900-01-00,ST_CLERK,3200,,120,50,,576
147,Alberto,Errazuriz,AERRAZUR@hotmail.com,1710775428,1900-01-00,SA_MAN,12000,0.3,100,80,,2160
100,Steven,King,SKING@outlook.com,1813593285,1900-01-00,AD_PRES,24000,,,90,,4320
101,sp works!,Kochhar,NKOCHHAR,1810068944,1900-01-00,AD_VP,17000,,101,90,,3060
102,Lex Changed!,De Haan,LDEHAAN,1797165723,1900-01-00,AD_VP,17000,,100,90,,3060
172,Elizabeth,Bates,EBATES,1687163906,1900-01-00,SA_REP,7300,0.15,148,80,,1314
173,Sundita,Kumar,SKUMAR,1704144735,1900-01-00,SA_REP,6100,0.1,148,80,,1098
174,Ellen,Abel,EABEL,1822012029,1900-01-00,SA_REP,11000,0.3,149,80,,1980
175,Alyssa,Hutton,AHUTTON,1875250892,1900-01-00,SA_REP,8800,0.25,149,80,,1584
176,Jonathon,Taylor,JTAYLOR,1672668381,1900-01-00,SA_REP,8600,0.2,149,80,,1548
177,Jack,Livingston,JLIVINGS,1603207397,1900-01-00,SA_REP,8400,0.2,149,80,,1512
178,Kimberely,Grant,KGRANT,1743557234,1900-01-00,SA_REP,7000,0.15,149,,,1260
179,Charles,Johnson,CJOHNSON,1830027396,1900-01-00,SA_REP,6200,0.1,149,80,,1116
180,Winston,Taylor,WTAYLOR,1604043654,1900-01-00,SH_CLERK,3200,,120,50,,576
181,Jean,Fleaur,JFLEAUR,1899501099,1900-01-00,SH_CLERK,3100,,120,50,,558
182,Martha,Sullivan,MSULLIVA,1739742867,1900-01-00,SH_CLERK,2500,,120,50,,450
183,Girard,Geoni,GGEONI,1798499215,1900-01-00,SH_CLERK,2800,,120,50,,504
184,Nandita,Sarchand,NSARCHAN,1767263452,1900-01-00,SH_CLERK,4200,,121,50,,756
185,Alexis,Bull,ABULL,1690659039,1900-01-00,SH_CLERK,4100,,121,50,,738
188,Kelly,Chung,KCHUNG,1710806694,1900-01-00,SH_CLERK,3800,,122,50,,684
189,Jennifer,Dilly,JDILLY,1730740164,1900-01-00,SH_CLERK,3600,,122,50,,648
190,Timothy,Gates,TGATES,1568660939,1900-01-00,SH_CLERK,2900,,122,50,,522
191,Randall,Perkins,RPERKINS,1640742272,1900-01-00,SH_CLERK,2500,,122,50,,450
192,Sarah,Bell,SBELL,1891427940,1900-01-00,SH_CLERK,4000,,123,50,,720
193,Britney,Everett,BEVERETT,1639842123,1900-01-00,SH_CLERK,3900,,123,50,,702
194,Samuel,McCain,SMCCAIN,1687005788,1900-01-00,SH_CLERK,3200,,123,50,,576
195,Vance,Jones,VJONES,1643638732,1900-01-00,SH_CLERK,2800,,123,50,,504
196,Alana,Walsh,AWALSH,1830528365,1900-01-00,SH_CLERK,3100,,124,50,,558
197,Kevin,Feeney,KFEENEY,1833319698,1900-01-00,SH_CLERK,3000,,124,50,,540
198,Donald,OConnell,DOCONNEL,1664355543,1900-01-00,SH_CLERK,2600,,124,50,,468
199,Douglas,Grant,DGRANT,1619307338,1900-01-00,SH_CLERK,2600,,124,50,,468
202,Pat,Fay,PFAY,1734044091,1900-01-00,MK_REP,6000,,201,20,,1080
203,Susan,Mavris,SMAVRIS,1531737286,1900-01-00,HR_REP,6500,,101,40,,1170
204,Hermann,Baer,HBAER,1741823304,1900-01-00,PR_REP,10000,,101,70,,1800
1,changed,Dellinger,ghcjhvh@xyz1,1822750644,1900-01-00,SH_CLERK,5400,,121,50,2022-07-03 22:30:18.692 +0600,972
186,Julia,Dellinger,ghcjhvh@xyz1234,1589096739,1900-01-00,SH_CLERK,3400,,121,50,,612
2,Julia,Dellinger,ghcjhvh@xyz2,1821502358,1900-01-00,SH_CLERK,3400,,121,50,,612
187,Anthony,Cabrio,ACABRIO@gmail.com,1882466270,1900-01-00,SH_CLERK,3000,,121,50,,540
206,William,,WGIETZ@yahoo.com,1651292924,1900-01-00,AC_ACCOUNT,8300,,205,110,,1494
205,Shelley,Higgins,SHIGGINS@gmail.com,1788678705,1900-01-00,AC_MGR,12000,,101,110,,2160
200,Jennifer,Whalen,JWHALEN@yahoo.com,1545484030,1900-01-00,AD_ASST,4400,,101,10,,792
201,Michael,Hartstein,MHARTSTE,1881919238,1900-01-00,MK_MAN,13000,,100,,,2340
103,Alexander,Hunold,AHUNOLD,1540763659,1900-01-00,IT_PROG,32000,,102,60,2022-07-03 22:32:07.740 +0600,5760
104,Bruce,Ernst,BERNST,1538047558,1900-01-00,IT_PROG,29000,,103,60,2022-07-03 22:32:07.740 +0600,5220
105,David,Austin,DAUSTIN,1815406133,1900-01-00,IT_PROG,27800,,103,60,2022-07-03 22:32:07.740 +0600,5004
106,Valli,Pataballa,VPATABAL,1614893306,1900-01-00,IT_PROG,27800,,103,60,2022-07-03 22:32:07.740 +0600,5004
107,Julilulia Diana,Lorentz,DLORENTZ,1649921201,1900-01-00,IT_PROG,27200,,103,60,2022-07-03 22:32:07.740 +0600,4896
111,Ismael,Sciarra,ISCIARRA@gmail,1869739687,1900-01-00,FI_ACCOUNT,7700,,108,100,,1386
112,Jose Manuel,Urman,JMURMAN@gmail.com,1889640986,1900-01-00,FI_ACCOUNT,7800,,108,100,,1404